<?xml version="1.0" encoding="UTF-8"?>
<office:document-content xmlns:office="urn:oasis:names:tc:opendocument:xmlns:office:1.0" xmlns:style="urn:oasis:names:tc:opendocument:xmlns:style:1.0" xmlns:text="urn:oasis:names:tc:opendocument:xmlns:text:1.0" xmlns:table="urn:oasis:names:tc:opendocument:xmlns:table:1.0" xmlns:draw="urn:oasis:names:tc:opendocument:xmlns:drawing:1.0" xmlns:fo="urn:oasis:names:tc:opendocument:xmlns:xsl-fo-compatible:1.0" xmlns:xlink="http://www.w3.org/1999/xlink" xmlns:dc="http://purl.org/dc/elements/1.1/" xmlns:meta="urn:oasis:names:tc:opendocument:xmlns:meta:1.0" xmlns:number="urn:oasis:names:tc:opendocument:xmlns:datastyle:1.0" xmlns:svg="urn:oasis:names:tc:opendocument:xmlns:svg-compatible:1.0" xmlns:chart="urn:oasis:names:tc:opendocument:xmlns:chart:1.0" xmlns:dr3d="urn:oasis:names:tc:opendocument:xmlns:dr3d:1.0" xmlns:math="http://www.w3.org/1998/Math/MathML" xmlns:form="urn:oasis:names:tc:opendocument:xmlns:form:1.0" xmlns:script="urn:oasis:names:tc:opendocument:xmlns:script:1.0" xmlns:ooo="http://openoffice.org/2004/office" xmlns:ooow="http://openoffice.org/2004/writer" xmlns:oooc="http://openoffice.org/2004/calc" xmlns:dom="http://www.w3.org/2001/xml-events" xmlns:xforms="http://www.w3.org/2002/xforms" xmlns:xsd="http://www.w3.org/2001/XMLSchema" xmlns:xsi="http://www.w3.org/2001/XMLSchema-instance" xmlns:rpt="http://openoffice.org/2005/report" xmlns:of="urn:oasis:names:tc:opendocument:xmlns:of:1.2" xmlns:xhtml="http://www.w3.org/1999/xhtml" xmlns:grddl="http://www.w3.org/2003/g/data-view#" xmlns:officeooo="http://openoffice.org/2009/office" xmlns:tableooo="http://openoffice.org/2009/table" xmlns:drawooo="http://openoffice.org/2010/draw" xmlns:calcext="urn:org:documentfoundation:names:experimental:calc:xmlns:calcext:1.0" xmlns:loext="urn:org:documentfoundation:names:experimental:office:xmlns:loext:1.0" xmlns:field="urn:openoffice:names:experimental:ooo-ms-interop:xmlns:field:1.0" xmlns:formx="urn:openoffice:names:experimental:ooxml-odf-interop:xmlns:form:1.0" xmlns:css3t="http://www.w3.org/TR/css3-text/" office:version="1.2"><office:scripts/><office:font-face-decls><style:font-face style:name="OpenSymbol" svg:font-family="OpenSymbol" style:font-charset="x-symbol"/><style:font-face style:name="Arial" svg:font-family="Arial" style:font-family-generic="roman" style:font-pitch="variable"/><style:font-face style:name="Calibri" svg:font-family="Calibri" style:font-family-generic="roman" style:font-pitch="variable"/><style:font-face style:name="Caladea" svg:font-family="Caladea" style:font-family-generic="swiss" style:font-pitch="variable"/><style:font-face style:name="Arial1" svg:font-family="Arial" style:font-family-generic="system" style:font-pitch="variable"/><style:font-face style:name="Caladea1" svg:font-family="Caladea" style:font-family-generic="system" style:font-pitch="variable"/><style:font-face style:name="Calibri1" svg:font-family="Calibri" style:font-family-generic="system" style:font-pitch="variable"/></office:font-face-decls><office:automatic-styles><style:style style:name="P1" style:family="paragraph" style:parent-style-name="Standard"><style:paragraph-properties fo:margin-top="0in" fo:margin-bottom="0in" loext:contextual-spacing="false" fo:line-height="150%"/></style:style><style:style style:name="P2" style:family="paragraph" style:parent-style-name="Standard"><style:paragraph-properties fo:margin-top="0in" fo:margin-bottom="0in" loext:contextual-spacing="false" fo:line-height="150%"/><style:text-properties fo:font-size="12pt" fo:font-weight="bold" style:font-size-asian="12pt" style:font-weight-asian="bold" style:font-size-complex="12pt"/></style:style><style:style style:name="P3" style:family="paragraph" style:parent-style-name="Standard"><style:paragraph-properties fo:margin-top="0in" fo:margin-bottom="0in" loext:contextual-spacing="false" fo:line-height="150%"/><style:text-properties fo:font-size="12pt" style:font-size-asian="12pt" style:font-size-complex="12pt"/></style:style><style:style style:name="P4" style:family="paragraph" style:parent-style-name="Standard"><loext:graphic-properties draw:fill="solid" draw:fill-color="#ffffff"/><style:paragraph-properties fo:margin-top="0in" fo:margin-bottom="0in" loext:contextual-spacing="false" fo:line-height="150%" fo:text-align="justify" style:justify-single-word="false" fo:background-color="#ffffff" fo:padding-left="0in" fo:padding-right="0in" fo:padding-top="0in" fo:padding-bottom="0.1528in" fo:border="0.26pt solid #00000a"/><style:text-properties fo:color="#222222" fo:font-size="12pt" style:font-size-asian="12pt" style:font-size-complex="12pt" fo:background-color="#ffffff"/></style:style><style:style style:name="P5" style:family="paragraph" style:parent-style-name="Standard" style:master-page-name="Standard"><style:paragraph-properties fo:margin-top="0in" fo:margin-bottom="0in" loext:contextual-spacing="false" fo:line-height="150%" style:page-number="1"/></style:style><style:style style:name="P6" style:family="paragraph" style:parent-style-name="Standard"><loext:graphic-properties draw:fill="solid" draw:fill-color="#ffffff"/><style:paragraph-properties fo:margin-top="0in" fo:margin-bottom="0.278in" loext:contextual-spacing="false" fo:line-height="150%" fo:background-color="#ffffff"/></style:style><style:style style:name="P7" style:family="paragraph" style:parent-style-name="Standard"><loext:graphic-properties draw:fill="solid" draw:fill-color="#ffffff"/><style:paragraph-properties fo:margin-top="0in" fo:margin-bottom="0.278in" loext:contextual-spacing="false" fo:line-height="150%" fo:text-align="justify" style:justify-single-word="false" fo:background-color="#ffffff"/></style:style><style:style style:name="P8" style:family="paragraph" style:parent-style-name="Standard"><loext:graphic-properties draw:fill="solid" draw:fill-color="#ffffff"/><style:paragraph-properties fo:margin-top="0in" fo:margin-bottom="0.278in" loext:contextual-spacing="false" fo:line-height="150%" fo:background-color="#ffffff"/><style:text-properties fo:color="#222222" fo:font-size="12pt" style:font-size-asian="12pt" style:font-size-complex="12pt" fo:background-color="#ffffff"/></style:style><style:style style:name="P9" style:family="paragraph" style:parent-style-name="Standard"><loext:graphic-properties draw:fill="solid" draw:fill-color="#ffffff"/><style:paragraph-properties fo:margin-top="0in" fo:margin-bottom="0.278in" loext:contextual-spacing="false" fo:line-height="150%" fo:text-align="justify" style:justify-single-word="false" fo:background-color="#ffffff"/><style:text-properties fo:color="#222222" style:font-name="Calibri" fo:font-size="12pt" style:font-name-asian="Calibri1" style:font-size-asian="12pt" style:font-name-complex="Calibri1" style:font-size-complex="12pt"/></style:style><style:style style:name="P10" style:family="paragraph" style:parent-style-name="Standard"><loext:graphic-properties draw:fill="solid" draw:fill-color="#ffffff"/><style:paragraph-properties fo:margin-top="0in" fo:margin-bottom="0.278in" loext:contextual-spacing="false" fo:line-height="150%" fo:text-align="justify" style:justify-single-word="false" fo:background-color="#ffffff" fo:padding-left="0in" fo:padding-right="0in" fo:padding-top="0in" fo:padding-bottom="0.1528in" fo:border="0.26pt solid #00000a"/></style:style><style:style style:name="P11" style:family="paragraph" style:parent-style-name="Standard"><loext:graphic-properties draw:fill="solid" draw:fill-color="#ffffff"/><style:paragraph-properties fo:margin-top="0in" fo:margin-bottom="0.278in" loext:contextual-spacing="false" fo:line-height="150%" fo:text-align="justify" style:justify-single-word="false" fo:background-color="#ffffff" fo:padding-left="0in" fo:padding-right="0in" fo:padding-top="0in" fo:padding-bottom="0.1528in" fo:border="0.26pt solid #00000a"/><style:text-properties fo:color="#222222" fo:font-size="12pt" style:font-size-asian="12pt" style:font-size-complex="12pt" fo:background-color="#ffffff"/></style:style><style:style style:name="P12" style:family="paragraph" style:parent-style-name="Standard"><loext:graphic-properties draw:fill="solid" draw:fill-color="#ffffff"/><style:paragraph-properties fo:margin-top="0in" fo:margin-bottom="0.278in" loext:contextual-spacing="false" fo:line-height="150%" fo:text-align="justify" style:justify-single-word="false" fo:background-color="#ffffff" fo:padding-left="0in" fo:padding-right="0in" fo:padding-top="0in" fo:padding-bottom="0.1528in" fo:border="0.26pt solid #00000a"/><style:text-properties fo:color="#222222" fo:font-size="12pt" fo:font-weight="bold" style:font-size-asian="12pt" style:font-weight-asian="bold" style:font-size-complex="12pt" fo:background-color="#ffffff"/></style:style><style:style style:name="P13" style:family="paragraph" style:parent-style-name="Standard" style:list-style-name="WWNum1"><loext:graphic-properties draw:fill="solid" draw:fill-color="#ffffff"/><style:paragraph-properties fo:margin-left="0.5in" fo:margin-right="0in" fo:margin-top="0in" fo:margin-bottom="0.278in" loext:contextual-spacing="true" fo:line-height="150%" fo:text-indent="-0.25in" style:auto-text-indent="false" fo:background-color="#ffffff"/></style:style><style:style style:name="P14" style:family="paragraph" style:parent-style-name="Title" style:list-style-name="WWNum2"><style:paragraph-properties fo:margin-left="0.5in" fo:margin-right="0in" fo:margin-top="0in" fo:margin-bottom="0.0417in" loext:contextual-spacing="true" fo:line-height="150%" fo:text-indent="-0.25in" style:auto-text-indent="false"/></style:style><style:style style:name="T1" style:family="text"><style:text-properties fo:font-size="12pt" fo:font-weight="bold" style:font-size-asian="12pt" style:font-weight-asian="bold" style:font-size-complex="12pt"/></style:style><style:style style:name="T2" style:family="text"><style:text-properties fo:font-size="12pt" style:font-size-asian="12pt" style:font-size-complex="12pt"/></style:style><style:style style:name="T3" style:family="text"><style:text-properties fo:color="#1155cc" fo:font-size="12pt" style:text-underline-style="solid" style:text-underline-width="auto" style:text-underline-color="font-color" fo:font-weight="bold" style:font-size-asian="12pt" style:font-weight-asian="bold" style:font-size-complex="12pt"/></style:style><style:style style:name="T4" style:family="text"><style:text-properties fo:color="#222222" fo:font-size="12pt" fo:font-weight="bold" style:font-size-asian="12pt" style:font-weight-asian="bold" style:font-size-complex="12pt"/></style:style><style:style style:name="T5" style:family="text"><style:text-properties fo:color="#222222" fo:font-size="12pt" fo:font-weight="bold" style:font-size-asian="12pt" style:font-weight-asian="bold" style:font-size-complex="12pt" fo:background-color="#ffffff"/></style:style><style:style style:name="T6" style:family="text"><style:text-properties fo:color="#222222" fo:font-size="12pt" style:font-size-asian="12pt" style:font-size-complex="12pt"/></style:style><style:style style:name="T7" style:family="text"><style:text-properties fo:color="#222222" fo:font-size="12pt" style:font-size-asian="12pt" style:font-size-complex="12pt" fo:background-color="#ffffff"/></style:style><style:style style:name="T8" style:family="text"><style:text-properties fo:color="#222222" style:font-name="Calibri" fo:font-size="12pt" style:font-name-asian="Calibri1" style:font-size-asian="12pt" style:font-name-complex="Calibri1" style:font-size-complex="12pt" fo:background-color="#ffffff"/></style:style><style:style style:name="T9" style:family="text"><style:text-properties fo:color="#619b05" fo:font-size="12pt" style:text-underline-style="solid" style:text-underline-width="auto" style:text-underline-color="font-color" style:font-size-asian="12pt" style:font-size-complex="12pt"/></style:style><style:style style:name="fr1" style:family="graphic" style:parent-style-name="Graphics"><style:graphic-properties fo:margin-left="0in" fo:margin-right="0in" fo:margin-top="0in" fo:margin-bottom="0in" fo:background-color="transparent" draw:fill="none" draw:fill-color="#ffffff" fo:padding="0in" fo:border="none" style:mirror="none" fo:clip="rect(0in, 0in, 0in, 0in)" draw:luminance="0%" draw:contrast="0%" draw:red="0%" draw:green="0%" draw:blue="0%" draw:gamma="100%" draw:color-inversion="false" draw:image-opacity="100%" draw:color-mode="standard"/></style:style></office:automatic-styles><office:body><office:text text:use-soft-page-breaks="true"><text:sequence-decls><text:sequence-decl text:display-outline-level="0" text:name="Illustration"/><text:sequence-decl text:display-outline-level="0" text:name="Table"/><text:sequence-decl text:display-outline-level="0" text:name="Text"/><text:sequence-decl text:display-outline-level="0" text:name="Drawing"/></text:sequence-decls><text:p text:style-name="P5"><text:span text:style-name="T1">Conteúdo: </text:span><text:span text:style-name="T2">auto consumido.</text:span></text:p><text:p text:style-name="P1"><text:span text:style-name="T1">Palavra - chave: </text:span><text:span text:style-name="T2">Painéis solares fotovoltaicos.</text:span></text:p><text:p text:style-name="P1"><text:span text:style-name="T1">Referencias: </text:span></text:p><text:p text:style-name="P1"><text:a xlink:type="simple" xlink:href="http://www.solarwaters.pt/autoconsumo/autoconsumo-empresas" text:style-name="Internet_20_link" text:visited-style-name="Visited_20_Internet_20_Link"><text:span text:style-name="T3">http://www.solarwaters.pt/autoconsumo/autoconsumo-empresas</text:span></text:a></text:p><text:p text:style-name="P1"><text:a xlink:type="simple" xlink:href="http://www.d-solarsystems.com/autoconsumo" text:style-name="Internet_20_link" text:visited-style-name="Visited_20_Internet_20_Link"><text:span text:style-name="T3">http://www.d-solarsystems.com/autoconsumo</text:span></text:a></text:p><text:p text:style-name="P2"/><text:p text:style-name="P1"><text:span text:style-name="T1">Título:</text:span></text:p><text:list xml:id="list7859155004700755189" text:style-name="WWNum2"><text:list-item><text:p text:style-name="P14"><text:bookmark text:name="_v434m3stwfbp"/><text:span text:style-name="T2">Já pensou em gerar sua própria energia? </text:span></text:p></text:list-item><text:list-item><text:p text:style-name="P14"><text:bookmark text:name="_v434m3stwfbp1"/><text:span text:style-name="T2">Você sabe o que é autoconsumo?</text:span></text:p></text:list-item><text:list-item><text:p text:style-name="P14"><text:bookmark text:name="_v434m3stwfbp2"/><text:span text:style-name="T2">E se você gerasse sua própria energia?</text:span></text:p></text:list-item><text:list-item><text:p text:style-name="P14"><text:bookmark text:name="_v434m3stwfbp3"/><text:span text:style-name="T2">3 vantagens do autoconsumo.</text:span></text:p></text:list-item></text:list><text:p text:style-name="P3"/><text:p text:style-name="P3"/><text:p text:style-name="P6"><text:span text:style-name="T4">O que é o autoconsumo ? <text:s/></text:span></text:p><text:p text:style-name="P6"><text:span text:style-name="T6">É o consumo de energia através de </text:span><text:span text:style-name="T4">painéis solares fotovoltaicos</text:span><text:span text:style-name="T6">, produzindo sua própria energia sem mecanismos de baterias. </text:span>Ao <text:span text:style-name="T6">contrário de modelos passados, em que a energia gerada era injetada e vendida para a rede, o autoconsumo tem uma ideologia diferente. </text:span></text:p><text:p text:style-name="P6"><text:span text:style-name="T6">O sistema motiva os consumidores a gerar sua própria energia, assim sua energia sempre será limpa. O consumo é composto por </text:span><text:span text:style-name="T4">painéis solares fotovoltaicos</text:span><text:span text:style-name="T6"> que viabilizam instantaneamente a eletricidade gerada, liberando para toda residência ou empresa durante o período diurno.</text:span></text:p><text:p text:style-name="P6"><text:span text:style-name="T6">Desde o dia 20 de outubro de 2014 á um <text:s/></text:span><text:a xlink:type="simple" xlink:href="http://www.solarwaters.pt/images/Autoconsumo/dl%20autoconsumo.pdf" text:style-name="Internet_20_link" text:visited-style-name="Visited_20_Internet_20_Link"><text:span text:style-name="T9">Decreto-Lei nº 153/2014</text:span></text:a><text:span text:style-name="T6"> para o programa ser regulamentado.</text:span><text:span text:style-name="T7"> O autoconsumo é indicado para residências e empresas que tem um consumos de energia significativo no decorrer do dia. É uma produção limpa, energia que ajuda o meio ambiente, aproveitando só o que a natureza oferece, o sol. </text:span></text:p><text:p text:style-name="P8"/><text:p text:style-name="P6"><text:span text:style-name="T7">As vantagens de usar o autoconsumo:</text:span></text:p><text:list xml:id="list5980326746481286740" text:style-name="WWNum1"><text:list-item><text:p text:style-name="P13"><text:span text:style-name="T7">Diminui a dependencia energética. </text:span></text:p></text:list-item><text:list-item><text:p text:style-name="P13"><text:span text:style-name="T7">Maior controle sobre os consumos ( direcionando para as horas de pico do sol).</text:span></text:p></text:list-item><text:list-item><text:p text:style-name="P13"><text:span text:style-name="T7">Os equipamentos tornaram se mais baratos e o retorno do investimento está cada vez diminuindo o tempo.</text:span></text:p></text:list-item></text:list><text:p text:style-name="P6"><draw:frame draw:style-name="fr1" draw:name="image2.jpg" text:anchor-type="as-char" svg:width="6.2681in" svg:height="2.2083in" draw:z-index="0"><draw:image xlink:href="Pictures/10000000000004B0000001A7A9EFF4204D374223.jpg" xlink:type="simple" xlink:show="embed" xlink:actuate="onLoad"/><svg:desc>info.jpg</svg:desc></draw:frame></text:p><text:p text:style-name="P7"><text:span text:style-name="T5">Preciso pagar alguma taxa?</text:span></text:p><text:p text:style-name="P7"><text:span text:style-name="T7">Depende da potência que é investida. Os Kits de sistemas com potências entre 2050W e 1500W não requer registros e pagamentos de taxas. Em potências maiores é exigido o registro e pagamento de taxas.</text:span></text:p><text:p text:style-name="P10"><text:soft-page-break/><text:span text:style-name="T5">O que faço com a energia excedente?</text:span></text:p><text:p text:style-name="P10"><text:span text:style-name="T7">O excedente poderá ser injetado na rede, possuindo o benefício de ter tarifas reduzidas, mas, é necessário instalar um contador de energia, para contabilizar a energia injetada.</text:span></text:p><text:p text:style-name="P11"/><text:p text:style-name="P10"><text:span text:style-name="T5">Para empresas:</text:span></text:p><text:p text:style-name="P10"><text:span text:style-name="T7">Para o campo empresarial, o autoconsumo é a melhor forma de economia e uso da energia. Pois para o sistema autoconsumo fotovoltaico o maior consumo energético acontece no período diurno, durantes as horas de produção.</text:span></text:p><text:p text:style-name="P10"><text:span text:style-name="T7">O direcionamento do sistema deverá ser adaptado ao perfil de cada cliente em específico, garantindo a totalidade da energia produzida que é absorvida pelo consumo.</text:span></text:p><text:p text:style-name="P12"/><text:p text:style-name="P11"/><text:p text:style-name="P4"/><text:p text:style-name="P8"/><text:p text:style-name="P8"/><text:p text:style-name="P9"/><text:p text:style-name="P9"/><text:p text:style-name="P9"/><text:p text:style-name="P9"/><text:p text:style-name="P9"/><text:p text:style-name="P9"/><text:p text:style-name="P9"/><text:p text:style-name="P1"/></office:text></office:body></office:document-content>